user_id,product_id,interaction_type,rating,review,interaction_date
U001,P061,Review,-,Visit investment especially general follow tend black similar.,2023-04-03
U001,P038,Review,-,Bad take bit without in upon.,2023-06-17
U001,P068,Click,-,-,2023-02-02
U001,P024,Click,-,-,2023-05-11
U001,P056,Purchase,1.1,-,2023-01-31
U001,P054,Review,-,Direction western surface.,2023-01-31
U002,P076,Review,-,Pass measure hand present.,2023-04-26
U002,P094,Click,-,-,2023-03-17
U002,P082,Click,-,-,2023-03-20
U003,P097,Purchase,2.6,-,2023-05-29
U003,P080,Purchase,3.4,-,2023-04-08
U003,P025,Click,-,-,2023-03-09
U003,P004,Purchase,3.9,-,2023-05-12
U003,P067,Purchase,3.7,-,2023-01-05
U003,P062,Purchase,4.3,-,2023-03-31
U003,P005,Purchase,4.5,-,2023-04-05
U003,P029,Purchase,2.6,-,2023-04-29
U003,P048,Review,-,Guy through teach specific.,2023-01-18
U004,P051,Click,-,-,2023-05-24
U004,P037,Review,-,Although pay past also hotel loss.,2023-06-29
U004,P063,Click,-,-,2023-01-14
U004,P014,Purchase,1.7,-,2023-04-26
U005,P038,Click,-,-,2023-06-28
U005,P066,Review,-,Case despite table during hold.,2023-04-12
U005,P063,Purchase,2.5,-,2023-02-23
U005,P093,Review,-,However above hard water fund see difficult.,2023-06-24
U005,P077,Click,-,-,2023-06-07
U005,P040,Click,-,-,2023-02-10
U005,P075,Review,-,On him bring growth build.,2023-02-02
U006,P064,Purchase,3.0,-,2023-02-18
U006,P034,Review,-,Accept assume budget technology war turn form.,2023-06-14
U006,P075,Review,-,Without choose majority side.,2023-04-06
U006,P041,Review,-,Any man green.,2023-06-14
U006,P040,Review,-,Career until pick policy similar.,2023-02-15
U006,P014,Purchase,2.6,-,2023-04-11
U006,P057,Click,-,-,2023-06-04
U006,P004,Review,-,Country agree gas those matter rest.,2023-03-14
U007,P071,Click,-,-,2023-01-26
U007,P006,Purchase,4.6,-,2023-03-11
U007,P031,Review,-,Lot argue development.,2023-01-09
U008,P024,Click,-,-,2023-06-18
U008,P071,Review,-,Adult employee address information instead.,2023-06-02
U008,P084,Review,-,Still wonder fund where.,2023-06-18
U008,P006,Click,-,-,2023-06-05
U008,P044,Click,-,-,2023-06-16
U008,P007,Review,-,West heavy class rule.,2023-01-29
U008,P031,Click,-,-,2023-01-07
U008,P089,Click,-,-,2023-03-06
U008,P003,Review,-,Region game because value.,2023-04-23
U009,P037,Review,-,Of condition many remain attention what lawyer.,2023-04-30
U009,P096,Review,-,Part soon great book ball agency.,2023-06-14
U009,P098,Review,-,Deal him answer open wait college my.,2023-04-12
U009,P078,Purchase,4.7,-,2023-04-22
U009,P083,Review,-,Not available make together after.,2023-01-26
U010,P066,Review,-,Manage term fast public their.,2023-01-18
U010,P007,Purchase,1.5,-,2023-01-26
U010,P070,Purchase,2.8,-,2023-04-10
U010,P083,Purchase,4.7,-,2023-04-26
U011,P085,Click,-,-,2023-05-12
U011,P088,Purchase,1.4,-,2023-03-29
U011,P062,Purchase,3.4,-,2023-02-03
U012,P059,Click,-,-,2023-01-24
U012,P088,Click,-,-,2023-06-01
U012,P039,Click,-,-,2023-05-14
U012,P043,Purchase,2.4,-,2023-03-29
U012,P096,Click,-,-,2023-03-12
U012,P009,Review,-,If nor practice month each maybe sort.,2023-01-07
U012,P016,Review,-,Set example too most Mrs.,2023-03-08
U013,P081,Purchase,5.0,-,2023-03-18
U013,P056,Click,-,-,2023-06-13
U013,P015,Click,-,-,2023-03-20
U013,P055,Review,-,See offer kitchen.,2023-03-07
U013,P017,Purchase,3.6,-,2023-04-03
U013,P025,Purchase,1.5,-,2023-03-13
U013,P068,Click,-,-,2023-02-12
U013,P098,Review,-,Hair believe score game indicate space.,2023-02-24
U014,P002,Review,-,Or property low budget more push fact collection.,2023-05-16
U014,P050,Review,-,Law western conference letter in sense house.,2023-02-28
U014,P053,Click,-,-,2023-02-17
U014,P045,Purchase,4.2,-,2023-01-23
U014,P043,Review,-,Bar box where day war table.,2023-02-28
U014,P057,Click,-,-,2023-04-02
U015,P071,Review,-,Become evening stay decision happen prove adult.,2023-04-10
U015,P052,Purchase,3.2,-,2023-01-18
U015,P089,Purchase,4.9,-,2023-01-23
U015,P037,Purchase,4.1,-,2023-06-17
U015,P037,Review,-,American trade service drive forward tonight.,2023-04-09
U016,P055,Review,-,Almost program herself send.,2023-04-12
U016,P005,Purchase,1.8,-,2023-05-18
U016,P075,Review,-,Produce story some sound century always.,2023-01-09
U016,P013,Click,-,-,2023-05-02
U016,P053,Review,-,Benefit week life month very song quite.,2023-02-04
U016,P075,Review,-,System foreign plant benefit boy head.,2023-04-18
U016,P012,Click,-,-,2023-01-24
U016,P061,Review,-,Size source upon someone Congress.,2023-06-19
U017,P035,Review,-,Public project body final.,2023-02-06
U017,P007,Click,-,-,2023-01-27
U017,P014,Click,-,-,2023-06-01
U018,P020,Click,-,-,2023-04-12
U018,P007,Review,-,Financial quickly most line far.,2023-05-28
U018,P082,Purchase,3.4,-,2023-02-07
U018,P007,Review,-,Around test safe knowledge think per nation.,2023-06-21
U018,P035,Purchase,4.8,-,2023-04-01
U018,P066,Click,-,-,2023-06-20
U018,P079,Purchase,2.7,-,2023-05-14
U018,P057,Click,-,-,2023-04-14
U018,P098,Review,-,Sport indeed many get world soldier.,2023-03-25
U019,P020,Purchase,2.7,-,2023-06-13
U019,P062,Review,-,Base way green leader name year specific.,2023-06-17
U019,P035,Purchase,4.4,-,2023-02-09
U019,P062,Purchase,3.6,-,2023-04-03
U019,P032,Click,-,-,2023-06-23
U019,P025,Click,-,-,2023-01-28
U019,P044,Review,-,Employee image color them become check.,2023-06-19
U020,P090,Click,-,-,2023-04-07
U020,P025,Review,-,Not once woman think change.,2023-04-28
U020,P090,Purchase,3.9,-,2023-04-22
U020,P030,Review,-,Least college it high play seem.,2023-05-16
U020,P071,Purchase,1.3,-,2023-03-15
U020,P079,Purchase,4.2,-,2023-05-13
U021,P047,Click,-,-,2023-01-16
U021,P037,Purchase,2.8,-,2023-05-20
U021,P044,Review,-,Past so return may put worker produce.,2023-01-06
U021,P022,Purchase,3.1,-,2023-01-31
U021,P086,Purchase,3.1,-,2023-02-15
U022,P094,Click,-,-,2023-05-16
U022,P046,Review,-,Account but interest actually traditional TV.,2023-02-26
U022,P017,Click,-,-,2023-06-26
U023,P088,Review,-,Central marriage court weight debate challenge.,2023-04-29
U023,P023,Purchase,1.7,-,2023-05-28
U023,P061,Click,-,-,2023-01-26
U023,P081,Review,-,Owner road how spend.,2023-04-02
U023,P051,Purchase,1.5,-,2023-06-03
U023,P050,Purchase,4.9,-,2023-05-29
U023,P039,Purchase,1.1,-,2023-04-10
U024,P096,Purchase,3.5,-,2023-03-10
U024,P052,Click,-,-,2023-03-27
U024,P091,Review,-,Most well bring mission buy.,2023-04-05
U025,P044,Click,-,-,2023-03-24
U025,P051,Review,-,Within mention good build good yet.,2023-02-05
U025,P005,Click,-,-,2023-06-20
U025,P075,Purchase,1.7,-,2023-02-02
U025,P022,Review,-,Treatment western design wait.,2023-05-24
U026,P027,Review,-,Back care play oil.,2023-04-10
U026,P031,Review,-,Provide player work politics which think door.,2023-04-12
U026,P044,Click,-,-,2023-01-04
U026,P096,Review,-,Tree itself factor difficult cut none.,2023-04-27
U026,P092,Purchase,4.2,-,2023-05-31
U026,P011,Click,-,-,2023-05-03
U026,P071,Purchase,1.4,-,2023-01-20
U026,P085,Click,-,-,2023-06-03
U026,P072,Purchase,1.0,-,2023-01-30
U026,P028,Click,-,-,2023-05-03
U027,P028,Purchase,3.7,-,2023-03-29
U027,P092,Review,-,Trial while site painting.,2023-03-07
U027,P017,Click,-,-,2023-01-06
U027,P029,Click,-,-,2023-01-04
U028,P073,Review,-,Instead first future war mouth end conference.,2023-02-02
U028,P013,Click,-,-,2023-06-05
U028,P037,Review,-,Week assume understand upon.,2023-06-26
U029,P007,Click,-,-,2023-06-09
U029,P030,Purchase,2.2,-,2023-05-11
U029,P072,Purchase,4.0,-,2023-01-28
U029,P071,Purchase,1.4,-,2023-05-09
U029,P025,Review,-,Reflect since Mrs new follow traditional.,2023-01-10
U030,P006,Review,-,Wall animal near the both than world section.,2023-05-11
U030,P091,Click,-,-,2023-03-10
U030,P003,Purchase,2.1,-,2023-04-16
U030,P091,Purchase,3.6,-,2023-04-08
U030,P072,Click,-,-,2023-05-07
U031,P042,Review,-,Leader run use million.,2023-01-01
U031,P021,Click,-,-,2023-01-21
U031,P055,Purchase,2.6,-,2023-02-13
U031,P075,Click,-,-,2023-01-09
U031,P082,Review,-,Night could possible notice wide government.,2023-02-19
U031,P098,Purchase,3.9,-,2023-03-08
U031,P019,Review,-,Ago house be test lay.,2023-06-18
U031,P057,Review,-,Ago human today analysis.,2023-05-09
U032,P045,Click,-,-,2023-02-05
U032,P002,Purchase,4.5,-,2023-03-17
U032,P044,Click,-,-,2023-03-29
U032,P029,Purchase,5.0,-,2023-04-19
U032,P071,Purchase,3.5,-,2023-02-14
U032,P071,Review,-,Officer air adult house.,2023-05-04
U032,P100,Purchase,5.0,-,2023-05-20
U033,P070,Click,-,-,2023-05-18
U033,P052,Review,-,Late nation through card all goal.,2023-02-23
U033,P086,Purchase,3.7,-,2023-06-07
U034,P046,Review,-,Wear hand best education of teacher our.,2023-03-14
U034,P099,Purchase,1.7,-,2023-01-18
U034,P061,Click,-,-,2023-06-24
U034,P005,Review,-,Expect factor shake business just.,2023-01-19
U034,P041,Review,-,Run event pick meeting.,2023-05-04
U034,P017,Review,-,National see real send sea idea officer list.,2023-06-13
U035,P085,Review,-,Plan ready family check easy since.,2023-05-05
U035,P076,Review,-,Attorney there clearly size white.,2023-02-26
U035,P088,Click,-,-,2023-04-17
U035,P038,Review,-,Easy or already word break check much.,2023-05-05
U035,P072,Click,-,-,2023-06-24
U035,P041,Purchase,2.8,-,2023-02-16
U035,P060,Click,-,-,2023-05-22
U035,P046,Purchase,1.7,-,2023-01-18
U035,P048,Review,-,Personal near join true.,2023-06-13
U036,P057,Review,-,Second clearly line baby.,2023-05-16
U036,P014,Click,-,-,2023-06-09
U036,P031,Purchase,2.0,-,2023-03-15
U036,P075,Review,-,Really indicate test policy.,2023-03-31
U036,P093,Review,-,Question might long wonder many.,2023-06-01
U036,P004,Purchase,2.4,-,2023-04-18
U036,P008,Click,-,-,2023-05-29
U036,P079,Purchase,1.1,-,2023-03-19
U036,P065,Review,-,Up throughout of worker.,2023-04-04
U037,P009,Review,-,Technology success care name sign American character bit.,2023-01-06
U037,P039,Purchase,1.1,-,2023-04-07
U037,P008,Click,-,-,2023-01-09
U037,P047,Click,-,-,2023-01-26
U037,P051,Click,-,-,2023-01-12
U037,P043,Review,-,Officer mind practice including gun research.,2023-02-13
U038,P088,Review,-,City name positive onto hit.,2023-02-15
U038,P057,Review,-,Gun view church also against right look movie.,2023-05-03
U038,P091,Review,-,Experience course weight whom present.,2023-05-09
U038,P024,Purchase,4.9,-,2023-02-14
U038,P025,Purchase,3.6,-,2023-04-08
U038,P054,Review,-,Subject bad decision.,2023-04-11
U038,P074,Click,-,-,2023-01-30
U038,P005,Click,-,-,2023-03-27
U038,P065,Review,-,However write trial.,2023-06-17
U039,P036,Purchase,1.2,-,2023-03-07
U039,P036,Click,-,-,2023-05-27
U039,P010,Review,-,Everybody sign poor wear wife move mouth detail.,2023-05-01
U039,P070,Click,-,-,2023-05-19
U039,P099,Purchase,4.3,-,2023-01-24
U039,P018,Purchase,2.2,-,2023-01-07
U039,P037,Purchase,1.2,-,2023-06-16
U039,P085,Click,-,-,2023-05-18
U039,P064,Click,-,-,2023-05-30
U040,P098,Click,-,-,2023-01-03
U040,P048,Review,-,Address executive remember study man whose.,2023-01-16
U040,P051,Review,-,Toward so imagine apply.,2023-06-19
U041,P097,Review,-,Energy point quickly child field become just.,2023-06-25
U041,P096,Purchase,3.7,-,2023-05-11
U041,P080,Purchase,4.8,-,2023-02-08
U041,P027,Click,-,-,2023-02-19
U042,P002,Review,-,Little dog reveal score letter reach across.,2023-06-24
U042,P058,Click,-,-,2023-02-08
U042,P012,Click,-,-,2023-01-17
U042,P093,Purchase,4.9,-,2023-06-15
U042,P027,Purchase,4.5,-,2023-03-04
U042,P023,Click,-,-,2023-05-11
U042,P089,Click,-,-,2023-02-06
U043,P051,Click,-,-,2023-01-14
U043,P021,Purchase,3.4,-,2023-04-04
U043,P061,Purchase,3.8,-,2023-05-04
U043,P088,Purchase,1.4,-,2023-04-14
U043,P030,Click,-,-,2023-01-05
U044,P039,Click,-,-,2023-05-14
U044,P001,Review,-,Foot myself raise stuff seek.,2023-05-16
U044,P049,Purchase,1.8,-,2023-02-13
U044,P035,Click,-,-,2023-01-11
U044,P081,Click,-,-,2023-03-25
U045,P006,Purchase,2.2,-,2023-01-15
U045,P008,Purchase,4.3,-,2023-01-03
U045,P072,Review,-,Well say maintain operation lead response.,2023-01-19
U045,P016,Click,-,-,2023-01-13
U045,P050,Purchase,3.4,-,2023-05-31
U045,P033,Purchase,2.8,-,2023-05-28
U046,P069,Purchase,3.4,-,2023-04-18
U046,P028,Purchase,2.8,-,2023-02-26
U046,P050,Review,-,Figure machine real knowledge both race.,2023-01-09
U046,P076,Review,-,Market require send husband person.,2023-05-05
U046,P087,Review,-,Rest born machine better.,2023-06-10
U046,P076,Purchase,3.0,-,2023-05-24
U046,P013,Review,-,Color issue usually raise talk way fill.,2023-04-10
U047,P028,Purchase,3.3,-,2023-01-26
U047,P079,Review,-,Usually before assume either word public performance fish.,2023-04-30
U047,P057,Review,-,Worker relate police though.,2023-01-28
U047,P007,Purchase,4.4,-,2023-05-03
U047,P049,Review,-,Popular question north type center contain.,2023-06-11
U047,P083,Click,-,-,2023-03-08
U047,P068,Click,-,-,2023-01-17
U047,P033,Review,-,Fund ahead son number guy.,2023-06-12
U047,P039,Click,-,-,2023-03-11
U047,P029,Review,-,Onto ago stock political.,2023-04-12
U048,P054,Review,-,Ok traditional include available evening prepare despite student.,2023-06-17
U048,P021,Review,-,Available together it impact.,2023-04-17
U048,P094,Purchase,3.2,-,2023-04-27
U048,P029,Click,-,-,2023-01-03
U048,P053,Review,-,Wide traditional bad radio grow.,2023-06-17
U048,P018,Click,-,-,2023-05-11
U048,P065,Purchase,4.8,-,2023-05-19
U048,P002,Click,-,-,2023-04-18
U048,P052,Purchase,3.7,-,2023-03-01
U049,P031,Review,-,Top audience sometimes short subject meeting star.,2023-03-24
U049,P081,Purchase,4.6,-,2023-04-15
U049,P050,Review,-,Guy itself have plant wonder company.,2023-04-08
U049,P057,Purchase,1.1,-,2023-06-17
U049,P058,Click,-,-,2023-02-12
U050,P042,Purchase,3.9,-,2023-05-28
U050,P004,Purchase,2.3,-,2023-01-04
U050,P049,Click,-,-,2023-05-13
U051,P037,Purchase,1.1,-,2023-03-12
U051,P054,Purchase,4.3,-,2023-04-14
U051,P053,Purchase,1.5,-,2023-06-07
U051,P012,Review,-,Property where itself.,2023-05-23
U052,P007,Click,-,-,2023-03-22
U052,P049,Review,-,Back hold American think decade all.,2023-02-02
U052,P045,Purchase,1.4,-,2023-04-18
U052,P062,Click,-,-,2023-02-26
U052,P059,Purchase,2.0,-,2023-04-04
U052,P097,Purchase,2.9,-,2023-05-06
U053,P058,Click,-,-,2023-06-14
U053,P069,Review,-,Start suggest source time.,2023-06-02
U053,P080,Review,-,Do make avoid rich each usually.,2023-03-05
U054,P001,Review,-,Machine American town as middle although.,2023-04-05
U054,P060,Click,-,-,2023-06-22
U054,P096,Click,-,-,2023-01-18
U055,P074,Review,-,Risk his discuss back figure fish.,2023-05-24
U055,P034,Review,-,Care land meeting memory.,2023-05-25
U055,P081,Click,-,-,2023-03-29
U055,P042,Purchase,4.2,-,2023-06-26
U055,P049,Review,-,Event line relate story treat station service degree.,2023-05-01
U055,P001,Review,-,About recently help near all another miss.,2023-04-01
U055,P050,Purchase,4.8,-,2023-02-15
U055,P055,Purchase,2.1,-,2023-05-08
U055,P014,Review,-,Perform both amount bed still necessary.,2023-03-31
U055,P014,Click,-,-,2023-06-09
U056,P068,Click,-,-,2023-04-09
U056,P044,Review,-,Thus front scene right ahead.,2023-01-11
U056,P095,Purchase,4.3,-,2023-02-12
U056,P065,Purchase,3.2,-,2023-01-02
U056,P013,Click,-,-,2023-01-30
U056,P027,Review,-,Trip participant away represent condition.,2023-04-13
U056,P098,Click,-,-,2023-01-12
U056,P089,Review,-,Gas term turn store heavy himself clearly.,2023-06-23
U056,P039,Review,-,Character event half fund.,2023-02-02
U056,P098,Click,-,-,2023-01-01
U057,P025,Purchase,4.8,-,2023-02-28
U057,P049,Click,-,-,2023-06-09
U057,P051,Review,-,Partner against keep over challenge.,2023-06-21
U057,P004,Click,-,-,2023-02-14
U057,P013,Purchase,4.4,-,2023-05-29
U057,P079,Purchase,3.3,-,2023-04-16
U057,P056,Click,-,-,2023-06-14
U058,P069,Click,-,-,2023-03-27
U058,P087,Purchase,1.7,-,2023-03-14
U058,P036,Purchase,3.7,-,2023-01-03
U058,P006,Review,-,Both add ability.,2023-06-16
U059,P089,Review,-,None senior modern free.,2023-04-10
U059,P078,Purchase,2.2,-,2023-01-27
U059,P061,Review,-,Meet hundred option term couple money heavy can.,2023-02-19
U059,P011,Click,-,-,2023-04-06
U059,P017,Click,-,-,2023-04-26
U060,P075,Purchase,3.1,-,2023-01-26
U060,P010,Click,-,-,2023-03-04
U060,P046,Review,-,Mr born begin where cut pay.,2023-03-18
U061,P061,Review,-,Heart power late need morning three trip.,2023-06-18
U061,P033,Click,-,-,2023-06-15
U061,P052,Click,-,-,2023-04-09
U061,P025,Review,-,Try after capital lawyer effort group large right.,2023-02-18
U061,P060,Purchase,2.3,-,2023-02-28
U061,P057,Purchase,1.4,-,2023-01-27
U061,P013,Click,-,-,2023-01-20
U061,P042,Review,-,Series view strong anything weight.,2023-03-14
U062,P098,Purchase,1.3,-,2023-01-04
U062,P066,Click,-,-,2023-03-20
U062,P051,Purchase,1.2,-,2023-03-08
U062,P035,Review,-,Stuff really attack.,2023-01-10
U062,P051,Purchase,4.3,-,2023-04-06
U062,P002,Click,-,-,2023-06-12
U062,P056,Review,-,Reflect food toward structure.,2023-06-24
U062,P052,Purchase,2.1,-,2023-05-15
U063,P057,Review,-,Early role join.,2023-03-04
U063,P017,Purchase,4.4,-,2023-02-13
U063,P076,Purchase,4.6,-,2023-01-14
U064,P052,Click,-,-,2023-02-09
U064,P053,Click,-,-,2023-03-24
U064,P056,Click,-,-,2023-02-12
U064,P012,Purchase,1.8,-,2023-04-20
U064,P066,Purchase,1.3,-,2023-01-09
U064,P027,Purchase,3.4,-,2023-04-04
U064,P022,Click,-,-,2023-02-06
U064,P090,Purchase,4.8,-,2023-04-22
U065,P089,Purchase,3.4,-,2023-01-27
U065,P083,Review,-,To offer hour.,2023-01-10
U065,P064,Purchase,3.9,-,2023-03-16
U065,P080,Click,-,-,2023-02-28
U066,P024,Click,-,-,2023-05-22
U066,P061,Purchase,4.2,-,2023-01-10
U066,P026,Click,-,-,2023-01-27
U066,P019,Click,-,-,2023-02-07
U066,P065,Purchase,3.0,-,2023-06-18
U066,P057,Click,-,-,2023-01-04
U066,P030,Review,-,Skin amount describe system effect none list.,2023-03-01
U066,P005,Click,-,-,2023-03-26
U067,P054,Purchase,2.6,-,2023-01-12
U067,P081,Review,-,Explain place party will it line cup.,2023-05-25
U067,P052,Click,-,-,2023-06-26
U067,P099,Purchase,4.1,-,2023-02-14
U067,P048,Purchase,4.3,-,2023-03-09
U068,P005,Click,-,-,2023-05-09
U068,P012,Review,-,Bar success table wide career last audience type.,2023-01-09
U068,P004,Click,-,-,2023-06-28
U068,P016,Review,-,Against kitchen into eye big.,2023-06-29
U068,P029,Review,-,Month size even Mr become.,2023-04-07
U068,P018,Purchase,2.4,-,2023-03-28
U068,P081,Purchase,3.8,-,2023-04-28
U068,P083,Click,-,-,2023-01-20
U069,P034,Purchase,2.4,-,2023-04-20
U069,P038,Review,-,Wind shoulder nearly other.,2023-03-20
U069,P003,Click,-,-,2023-05-11
U069,P078,Review,-,Lose parent seem themselves then.,2023-01-13
U069,P060,Review,-,Half call without trial.,2023-06-22
U069,P056,Click,-,-,2023-01-11
U069,P003,Purchase,1.2,-,2023-01-23
U069,P012,Purchase,2.5,-,2023-02-18
U070,P039,Click,-,-,2023-05-20
U070,P057,Purchase,4.2,-,2023-01-05
U070,P012,Purchase,1.2,-,2023-02-07
U070,P009,Purchase,3.1,-,2023-04-15
U070,P033,Click,-,-,2023-05-24
U071,P022,Purchase,3.6,-,2023-02-28
U071,P080,Click,-,-,2023-04-16
U071,P084,Click,-,-,2023-02-25
U072,P036,Review,-,Job also court yourself what art.,2023-01-17
U072,P002,Purchase,2.2,-,2023-04-03
U072,P045,Purchase,2.1,-,2023-03-03
U072,P007,Click,-,-,2023-02-09
U072,P058,Purchase,1.5,-,2023-05-06
U072,P039,Click,-,-,2023-02-12
U073,P046,Click,-,-,2023-03-20
U073,P054,Review,-,Program people save today at whom.,2023-04-30
U073,P058,Purchase,1.3,-,2023-03-02
U073,P027,Review,-,Green impact themselves hard allow.,2023-01-08
U073,P100,Click,-,-,2023-01-10
U074,P041,Purchase,4.3,-,2023-05-08
U074,P048,Review,-,Per especially me fire film white.,2023-01-18
U074,P030,Purchase,1.5,-,2023-04-20
U074,P080,Purchase,2.1,-,2023-05-24
U074,P097,Review,-,Raise couple must official science.,2023-06-24
U074,P018,Click,-,-,2023-01-23
U074,P022,Click,-,-,2023-03-20
U075,P057,Click,-,-,2023-02-09
U075,P088,Purchase,3.1,-,2023-06-26
U075,P054,Review,-,Medical church rock care.,2023-06-06
U075,P063,Click,-,-,2023-04-14
U075,P061,Click,-,-,2023-04-02
U075,P008,Review,-,Inside doctor institution talk.,2023-06-30
U075,P049,Click,-,-,2023-05-04
U075,P090,Purchase,2.7,-,2023-04-10
U076,P059,Click,-,-,2023-05-02
U076,P049,Purchase,4.9,-,2023-04-07
U076,P070,Click,-,-,2023-03-04
U076,P028,Purchase,2.4,-,2023-04-02
U077,P015,Review,-,Watch in treatment only read much.,2023-06-24
U077,P069,Purchase,1.7,-,2023-03-01
U077,P059,Review,-,Result owner resource compare get pattern during dog.,2023-06-18
U077,P100,Purchase,1.1,-,2023-06-28
U077,P095,Purchase,5.0,-,2023-01-22
U078,P092,Purchase,1.4,-,2023-05-24
U078,P078,Review,-,Take name wife deal never machine time.,2023-02-22
U078,P083,Purchase,4.0,-,2023-01-29
U078,P054,Purchase,4.2,-,2023-03-30
U078,P082,Click,-,-,2023-05-11
U078,P007,Purchase,3.7,-,2023-04-02
U078,P021,Review,-,Republican front small son.,2023-04-17
U078,P068,Review,-,Past order front.,2023-04-11
U079,P071,Click,-,-,2023-02-14
U079,P067,Click,-,-,2023-02-20
U079,P054,Click,-,-,2023-03-30
U079,P073,Purchase,2.7,-,2023-01-28
U079,P062,Review,-,Lead vote make reality parent race loss although.,2023-06-05
U079,P068,Click,-,-,2023-05-09
U079,P014,Review,-,Let bar lawyer.,2023-04-06
U080,P041,Purchase,3.7,-,2023-04-20
U080,P048,Purchase,1.3,-,2023-06-28
U080,P062,Review,-,Myself get peace indicate machine.,2023-06-10
U080,P010,Click,-,-,2023-05-27
U081,P084,Purchase,1.8,-,2023-05-25
U081,P080,Click,-,-,2023-04-22
U081,P023,Purchase,2.7,-,2023-02-20
U081,P063,Click,-,-,2023-06-03
U081,P045,Purchase,1.3,-,2023-03-18
U082,P078,Review,-,Skin war deal ball behind so prevent.,2023-01-30
U082,P084,Click,-,-,2023-03-12
U082,P042,Purchase,2.9,-,2023-04-03
U082,P026,Review,-,Fill leader perhaps artist walk computer.,2023-05-09
U082,P057,Purchase,4.7,-,2023-03-21
U082,P032,Review,-,Hear get whether five again.,2023-04-27
U082,P024,Click,-,-,2023-03-25
U082,P022,Click,-,-,2023-06-01
U083,P016,Click,-,-,2023-02-13
U083,P089,Purchase,3.3,-,2023-04-01
U083,P039,Review,-,Seek grow learn third not his.,2023-01-03
U083,P098,Review,-,Impact picture return would glass ball.,2023-05-17
U083,P043,Review,-,Personal difficult good executive magazine.,2023-01-04
U083,P065,Click,-,-,2023-01-11
U083,P055,Click,-,-,2023-06-08
U083,P031,Click,-,-,2023-05-30
U083,P077,Review,-,Vote offer support modern enough receive window thing.,2023-02-01
U084,P098,Click,-,-,2023-05-15
U084,P067,Purchase,2.2,-,2023-04-12
U084,P055,Purchase,4.6,-,2023-04-15
U084,P020,Click,-,-,2023-04-08
U084,P087,Click,-,-,2023-03-26
U084,P034,Click,-,-,2023-06-06
U085,P095,Click,-,-,2023-05-03
U085,P033,Purchase,1.5,-,2023-03-05
U085,P002,Purchase,4.3,-,2023-05-14
U085,P009,Click,-,-,2023-06-24
U085,P043,Purchase,4.5,-,2023-04-06
U085,P042,Purchase,2.2,-,2023-03-27
U085,P093,Click,-,-,2023-04-28
U086,P079,Purchase,4.3,-,2023-02-03
U086,P023,Review,-,Organization attack guy resource board thank.,2023-06-06
U086,P016,Review,-,Message dream Republican.,2023-03-21
U086,P080,Review,-,Image here police mother threat knowledge check.,2023-03-05
U086,P095,Review,-,Study for hard provide.,2023-01-24
U086,P063,Review,-,Travel information attention story next.,2023-04-25
U086,P049,Review,-,Note when generation teach few task.,2023-04-17
U086,P035,Click,-,-,2023-05-21
U087,P051,Click,-,-,2023-04-04
U087,P021,Purchase,2.8,-,2023-05-28
U087,P073,Purchase,2.7,-,2023-01-11
U088,P069,Review,-,Letter week order story.,2023-05-21
U088,P005,Purchase,3.0,-,2023-05-22
U088,P027,Review,-,Best note project continue have room have.,2023-01-27
U088,P083,Purchase,2.7,-,2023-04-02
U089,P047,Purchase,3.8,-,2023-05-05
U089,P093,Click,-,-,2023-04-04
U089,P044,Click,-,-,2023-05-20
U089,P085,Click,-,-,2023-01-31
U090,P021,Purchase,4.5,-,2023-02-17
U090,P004,Review,-,With hair necessary pick suddenly magazine.,2023-02-07
U090,P100,Click,-,-,2023-02-22
U090,P022,Review,-,Now purpose join store goal wind others yard.,2023-05-11
U090,P077,Review,-,Exist letter process writer smile worry receive.,2023-04-18
U090,P022,Review,-,Order off ask fact whom.,2023-05-04
U090,P067,Click,-,-,2023-01-18
U090,P013,Click,-,-,2023-02-02
U091,P057,Purchase,1.2,-,2023-01-17
U091,P081,Purchase,1.6,-,2023-04-23
U091,P005,Review,-,Over western range us fear western.,2023-01-03
U091,P096,Click,-,-,2023-05-26
U091,P044,Review,-,Rest effort send prevent.,2023-05-04
U092,P003,Purchase,1.2,-,2023-06-30
U092,P036,Click,-,-,2023-06-18
U092,P090,Purchase,3.0,-,2023-02-22
U092,P003,Purchase,4.1,-,2023-01-03
U092,P072,Purchase,4.1,-,2023-04-20
U092,P047,Purchase,2.0,-,2023-06-05
U093,P021,Purchase,2.8,-,2023-03-21
U093,P023,Click,-,-,2023-05-12
U093,P088,Review,-,Idea although allow mother.,2023-03-20
U093,P010,Purchase,4.9,-,2023-06-28
U093,P030,Purchase,3.5,-,2023-04-18
U093,P041,Purchase,3.1,-,2023-01-05
U094,P063,Click,-,-,2023-05-13
U094,P005,Click,-,-,2023-01-24
U094,P033,Click,-,-,2023-01-02
U095,P019,Click,-,-,2023-05-08
U095,P019,Purchase,3.3,-,2023-01-15
U095,P078,Review,-,Whether lawyer computer yes.,2023-02-10
U096,P030,Review,-,Police certainly question writer suffer wall ability one.,2023-02-23
U096,P006,Click,-,-,2023-03-29
U096,P076,Review,-,Experience Republican gas project.,2023-06-09
U097,P091,Purchase,1.8,-,2023-05-20
U097,P006,Purchase,1.2,-,2023-06-21
U097,P071,Click,-,-,2023-04-24
U098,P003,Click,-,-,2023-04-03
U098,P057,Click,-,-,2023-05-24
U098,P033,Review,-,Lot prevent however quickly.,2023-04-15
U098,P076,Purchase,2.2,-,2023-05-28
U098,P022,Purchase,1.5,-,2023-03-25
U099,P042,Purchase,4.9,-,2023-01-10
U099,P020,Purchase,2.0,-,2023-03-30
U099,P069,Click,-,-,2023-01-26
U099,P018,Click,-,-,2023-04-20
U100,P008,Purchase,4.2,-,2023-04-26
U100,P019,Review,-,Region discussion score.,2023-01-05
U100,P019,Review,-,Position federal billion people day PM.,2023-04-17
U100,P032,Purchase,3.0,-,2023-05-09
U100,P014,Purchase,1.5,-,2023-06-18
U100,P090,Purchase,2.3,-,2023-03-01
U100,P002,Click,-,-,2023-06-18
U100,P074,Click,-,-,2023-06-06
U101,P055,Click,-,-,2023-01-09
U101,P087,Purchase,3.5,-,2023-06-01
U101,P082,Click,-,-,2023-04-28
U102,P095,Review,-,Ten religious huge by best worry.,2023-05-02
U102,P018,Purchase,3.3,-,2023-06-21
U102,P094,Click,-,-,2023-05-22
U102,P047,Click,-,-,2023-01-11
U102,P025,Review,-,Current statement late street each.,2023-04-19
U102,P082,Click,-,-,2023-06-16
U102,P002,Review,-,Beat wife different agent.,2023-03-07
U102,P044,Review,-,Serious response my recognize continue memory.,2023-05-15
U103,P034,Review,-,Collection similar great lay people.,2023-03-02
U103,P090,Review,-,Rich ok style something until.,2023-03-31
U103,P038,Purchase,4.5,-,2023-03-29
U103,P060,Review,-,Speak whole lay see election woman.,2023-05-26
U103,P056,Purchase,1.7,-,2023-02-02
U103,P034,Purchase,4.8,-,2023-05-29
U104,P047,Purchase,2.0,-,2023-04-01
U104,P049,Click,-,-,2023-05-29
U104,P014,Review,-,Keep give moment every use include my.,2023-03-03
U104,P018,Review,-,On role agreement east middle common gun.,2023-04-08
U104,P099,Click,-,-,2023-01-03
U105,P059,Purchase,2.5,-,2023-02-12
U105,P051,Click,-,-,2023-01-09
U105,P019,Review,-,Whom with method later.,2023-03-07
U105,P091,Click,-,-,2023-05-18
U105,P062,Purchase,4.4,-,2023-01-25
U105,P097,Click,-,-,2023-03-31
U105,P008,Purchase,1.6,-,2023-05-02
U105,P088,Review,-,Receive specific wife his cost while word.,2023-04-06
U105,P012,Click,-,-,2023-02-05
U105,P004,Purchase,2.3,-,2023-03-14
U106,P008,Review,-,Consumer whole question develop last scene.,2023-03-22
U106,P034,Purchase,2.1,-,2023-04-21
U106,P035,Review,-,Education reveal almost moment wife land.,2023-03-11
U106,P029,Review,-,First speech house.,2023-02-22
U106,P062,Purchase,3.2,-,2023-06-16
U106,P038,Click,-,-,2023-01-05
U106,P069,Click,-,-,2023-06-12
U107,P098,Review,-,Finally point garden popular.,2023-06-03
U107,P091,Click,-,-,2023-03-28
U107,P066,Review,-,Similar include site player standard.,2023-01-09
U107,P100,Purchase,2.2,-,2023-03-01
U107,P051,Review,-,In across feel American what month standard.,2023-03-16
U107,P074,Click,-,-,2023-03-11
U107,P052,Review,-,Throughout determine degree take these.,2023-02-12
U108,P059,Click,-,-,2023-02-22
U108,P032,Review,-,Person like threat whole.,2023-05-07
U108,P009,Purchase,4.6,-,2023-05-18
U108,P026,Purchase,2.8,-,2023-05-09
U108,P093,Click,-,-,2023-05-03
U108,P026,Purchase,2.5,-,2023-05-09
U108,P031,Review,-,Positive environmental finally cup manager fish.,2023-03-21
U108,P053,Review,-,Kitchen next he in.,2023-02-16
U108,P089,Click,-,-,2023-03-14
U109,P087,Click,-,-,2023-01-22
U109,P003,Purchase,2.2,-,2023-01-13
U109,P058,Purchase,4.2,-,2023-06-04
U110,P010,Purchase,3.8,-,2023-02-15
U110,P035,Purchase,5.0,-,2023-01-18
U110,P065,Purchase,2.0,-,2023-05-19
U110,P068,Review,-,Animal pull radio feel answer west ten.,2023-02-16
U110,P020,Review,-,Kid fact southern stop movement.,2023-03-25
U111,P014,Review,-,Medical authority decision bar general buy thus include.,2023-04-11
U111,P051,Review,-,Drop rock be government value capital media.,2023-02-06
U111,P073,Click,-,-,2023-04-05
U111,P019,Review,-,Including white increase trial material identify.,2023-04-13
U111,P053,Purchase,4.9,-,2023-02-03
U111,P070,Purchase,2.2,-,2023-02-12
U111,P084,Purchase,2.6,-,2023-03-06
U111,P094,Purchase,3.9,-,2023-06-10
U111,P019,Review,-,Seat former region piece.,2023-02-15
U112,P043,Click,-,-,2023-01-04
U112,P083,Purchase,1.6,-,2023-05-05
U112,P099,Review,-,Full government use action.,2023-02-05
U113,P020,Review,-,Its home house prevent dinner hotel ten.,2023-05-18
U113,P080,Purchase,1.7,-,2023-04-26
U113,P059,Purchase,1.3,-,2023-01-28
U113,P046,Purchase,3.9,-,2023-01-25
U113,P094,Review,-,Bring rule design investment rich final.,2023-01-18
U113,P031,Purchase,4.6,-,2023-03-11
U113,P067,Review,-,Ready best purpose.,2023-01-13
U113,P093,Review,-,Discover read gun prepare stop college.,2023-03-31
U113,P007,Click,-,-,2023-01-25
U113,P013,Purchase,4.9,-,2023-06-03
U114,P079,Purchase,3.8,-,2023-06-19
U114,P059,Review,-,Drive threat only sure close company.,2023-01-28
U114,P013,Purchase,2.4,-,2023-03-05
U114,P059,Purchase,2.2,-,2023-03-03
U114,P009,Purchase,3.0,-,2023-05-07
U115,P094,Click,-,-,2023-04-08
U115,P074,Purchase,1.3,-,2023-05-19
U115,P077,Click,-,-,2023-06-30
U115,P052,Purchase,4.8,-,2023-04-10
U115,P077,Purchase,2.4,-,2023-02-14
U115,P028,Click,-,-,2023-01-17
U115,P065,Review,-,Organization eat during local same skin.,2023-05-23
U115,P039,Review,-,Mouth loss hundred positive range just.,2023-05-15
U115,P001,Purchase,4.4,-,2023-02-01
U115,P038,Purchase,2.0,-,2023-05-13
U116,P058,Purchase,3.7,-,2023-04-17
U116,P023,Click,-,-,2023-06-26
U116,P066,Click,-,-,2023-03-03
U117,P017,Purchase,2.6,-,2023-05-14
U117,P026,Review,-,Much customer site mention unit.,2023-05-24
U117,P006,Purchase,1.5,-,2023-02-25
U117,P075,Click,-,-,2023-04-09
U117,P078,Click,-,-,2023-04-23
U117,P017,Click,-,-,2023-06-07
U117,P008,Click,-,-,2023-04-10
U118,P038,Purchase,3.3,-,2023-02-14
U118,P002,Review,-,Process thought provide support.,2023-01-29
U118,P061,Purchase,3.8,-,2023-02-20
U118,P017,Click,-,-,2023-04-26
U118,P062,Click,-,-,2023-05-10
U118,P027,Click,-,-,2023-02-20
U119,P043,Review,-,Up report certain even by should country arrive.,2023-01-10
U119,P034,Click,-,-,2023-06-29
U119,P099,Review,-,Off explain point million.,2023-05-05
U119,P027,Purchase,1.6,-,2023-02-16
U119,P097,Click,-,-,2023-04-12
U119,P081,Review,-,Anything Congress music according kitchen.,2023-06-26
U119,P088,Purchase,3.8,-,2023-03-22
U120,P089,Click,-,-,2023-01-29
U120,P100,Purchase,3.7,-,2023-06-17
U120,P089,Review,-,Name hour guess personal appear.,2023-06-06
U120,P063,Purchase,4.1,-,2023-04-17
U120,P073,Purchase,4.1,-,2023-06-08
U120,P055,Purchase,4.8,-,2023-01-25
U120,P041,Review,-,Save western nor ability politics candidate woman serious.,2023-04-20
U121,P088,Purchase,1.9,-,2023-05-06
U121,P012,Review,-,Large expert understand training box usually huge.,2023-04-14
U121,P009,Click,-,-,2023-02-20
U121,P084,Review,-,Notice break sit city among answer her take.,2023-04-02
U121,P001,Click,-,-,2023-02-09
U121,P005,Purchase,1.4,-,2023-02-13
U121,P085,Purchase,2.9,-,2023-02-24
U121,P068,Click,-,-,2023-02-02
U121,P066,Purchase,2.1,-,2023-06-05
U121,P062,Review,-,One success toward rather.,2023-05-25
U122,P054,Purchase,4.2,-,2023-05-09
U122,P059,Click,-,-,2023-01-31
U122,P077,Click,-,-,2023-01-02
U122,P073,Click,-,-,2023-01-04
U122,P033,Purchase,1.3,-,2023-02-07
U123,P001,Review,-,Music start something scientist.,2023-06-14
U123,P039,Click,-,-,2023-02-06
U123,P026,Review,-,Rate six between rate.,2023-03-12
U123,P021,Click,-,-,2023-03-31
U123,P089,Purchase,2.9,-,2023-04-16
U123,P004,Review,-,Understand technology open with detail edge.,2023-05-01
U123,P030,Click,-,-,2023-03-06
U124,P100,Click,-,-,2023-06-04
U124,P059,Purchase,3.3,-,2023-05-10
U124,P012,Click,-,-,2023-02-21
U124,P095,Click,-,-,2023-03-22
U124,P080,Purchase,1.9,-,2023-03-19
U125,P071,Click,-,-,2023-03-14
U125,P090,Purchase,3.9,-,2023-02-21
U125,P083,Click,-,-,2023-01-01
U125,P062,Click,-,-,2023-01-18
U125,P036,Purchase,4.2,-,2023-03-09
U125,P098,Review,-,True finish professor.,2023-04-20
U125,P083,Click,-,-,2023-01-31
U125,P017,Review,-,Similar development support game.,2023-02-08
U125,P071,Purchase,1.5,-,2023-05-13
U126,P065,Purchase,3.5,-,2023-01-29
U126,P020,Click,-,-,2023-05-26
U126,P016,Purchase,3.8,-,2023-05-26
U126,P076,Purchase,1.8,-,2023-02-27
U126,P011,Purchase,4.9,-,2023-02-03
U126,P080,Purchase,4.4,-,2023-05-27
U127,P064,Click,-,-,2023-04-18
U127,P058,Review,-,First laugh north range man.,2023-01-07
U127,P070,Click,-,-,2023-05-12
U127,P082,Click,-,-,2023-06-03
U127,P085,Review,-,Official first product.,2023-06-21
U128,P100,Click,-,-,2023-04-21
U128,P067,Purchase,2.1,-,2023-04-28
U128,P009,Click,-,-,2023-05-04
U128,P082,Purchase,2.6,-,2023-06-03
U128,P081,Click,-,-,2023-06-30
U128,P082,Purchase,5.0,-,2023-02-22
U129,P100,Click,-,-,2023-03-07
U129,P054,Click,-,-,2023-06-20
U129,P032,Review,-,Explain mother better after right subject structure lot.,2023-02-14
U129,P006,Click,-,-,2023-03-12
U129,P008,Click,-,-,2023-05-08
U130,P100,Review,-,Any skin answer until tend card.,2023-03-22
U130,P067,Purchase,4.6,-,2023-02-07
U130,P060,Click,-,-,2023-01-05
U131,P016,Review,-,Protect prepare pick condition sister trade majority little.,2023-06-24
U131,P054,Review,-,Company with teacher relate.,2023-05-22
U131,P036,Purchase,4.0,-,2023-04-17
U131,P071,Purchase,3.3,-,2023-05-15
U132,P041,Review,-,War than against ten out.,2023-06-01
U132,P008,Click,-,-,2023-05-21
U132,P022,Review,-,American thing free full try store.,2023-04-11
U132,P035,Click,-,-,2023-06-21
U132,P009,Review,-,Involve while education peace imagine.,2023-06-11
U132,P079,Purchase,2.1,-,2023-01-17
U132,P051,Review,-,Since bill suddenly describe whatever notice.,2023-03-23
U132,P029,Purchase,3.3,-,2023-05-04
U132,P018,Click,-,-,2023-05-23
U132,P003,Click,-,-,2023-04-24
U133,P087,Click,-,-,2023-04-01
U133,P014,Purchase,2.3,-,2023-02-12
U133,P047,Review,-,Meet lawyer often always machine various these its.,2023-02-18
U134,P055,Click,-,-,2023-06-30
U134,P089,Review,-,Worry southern end remember perhaps wish crime.,2023-06-30
U134,P088,Purchase,1.8,-,2023-05-18
U134,P043,Purchase,1.6,-,2023-05-17
U135,P092,Purchase,2.5,-,2023-05-14
U135,P041,Purchase,2.7,-,2023-04-10
U135,P009,Review,-,Project want my reveal national up campaign.,2023-04-21
U135,P054,Click,-,-,2023-01-25
U135,P058,Click,-,-,2023-05-04
U135,P099,Purchase,1.4,-,2023-02-20
U135,P037,Review,-,Condition mention ball.,2023-03-07
U135,P066,Click,-,-,2023-06-24
U135,P028,Purchase,4.4,-,2023-03-26
U135,P014,Purchase,1.4,-,2023-06-29
U136,P028,Click,-,-,2023-04-12
U136,P014,Review,-,Couple which house same however parent.,2023-02-01
U136,P074,Click,-,-,2023-01-30
U136,P084,Review,-,Friend single positive send.,2023-03-16
U136,P060,Click,-,-,2023-03-23
U136,P030,Click,-,-,2023-03-05
U136,P081,Purchase,3.6,-,2023-02-12
U136,P071,Purchase,3.0,-,2023-05-22
U136,P097,Purchase,2.0,-,2023-01-18
U137,P021,Purchase,3.8,-,2023-01-13
U137,P088,Review,-,Will plan responsibility throw federal author among.,2023-04-18
U137,P091,Purchase,1.0,-,2023-03-20
U137,P040,Click,-,-,2023-02-16
U137,P009,Click,-,-,2023-02-04
U137,P074,Click,-,-,2023-06-09
U137,P090,Review,-,Keep particular admit building.,2023-02-24
U137,P089,Purchase,4.4,-,2023-05-18
U138,P009,Purchase,3.9,-,2023-01-09
U138,P058,Click,-,-,2023-01-19
U138,P078,Click,-,-,2023-03-17
U139,P060,Purchase,1.2,-,2023-03-08
U139,P055,Click,-,-,2023-05-26
U139,P017,Click,-,-,2023-02-24
U139,P060,Review,-,Song live data particular explain.,2023-05-09
U139,P099,Review,-,Rather join result company marriage.,2023-06-10
U139,P005,Review,-,Voice occur son campaign.,2023-05-25
U139,P051,Click,-,-,2023-03-11
U140,P029,Review,-,Down mind under at everything assume draw.,2023-05-15
U140,P013,Review,-,Avoid station long store.,2023-02-14
U140,P098,Review,-,Treatment know several floor party.,2023-01-05
U140,P094,Purchase,4.0,-,2023-04-10
U140,P022,Purchase,1.6,-,2023-01-03
U140,P060,Purchase,1.6,-,2023-05-21
U140,P005,Purchase,1.1,-,2023-05-22
U141,P069,Purchase,1.3,-,2023-02-05
U141,P014,Review,-,Board television main old people increase.,2023-05-06
U141,P010,Review,-,Participant past your pull manager final.,2023-04-18
U141,P083,Purchase,3.5,-,2023-02-26
U141,P021,Click,-,-,2023-04-26
U141,P022,Click,-,-,2023-06-16
U141,P084,Click,-,-,2023-06-06
U142,P047,Click,-,-,2023-05-25
U142,P037,Click,-,-,2023-02-01
U142,P057,Review,-,Hold picture personal lead right local look director.,2023-02-23
U142,P053,Purchase,2.5,-,2023-03-04
U142,P065,Review,-,Drug trade live single dream sign.,2023-01-27
U143,P068,Purchase,3.2,-,2023-03-02
U143,P067,Review,-,Center part effect writer offer.,2023-01-25
U143,P007,Click,-,-,2023-06-30
U143,P034,Click,-,-,2023-04-26
U143,P001,Click,-,-,2023-01-04
U143,P014,Click,-,-,2023-01-12
U143,P066,Click,-,-,2023-04-27
U143,P015,Click,-,-,2023-03-22
U144,P080,Review,-,Mission blue others cost.,2023-06-11
U144,P008,Click,-,-,2023-05-15
U144,P007,Purchase,3.7,-,2023-02-25
U144,P021,Review,-,Particularly statement behind understand east piece.,2023-03-04
U144,P065,Click,-,-,2023-06-28
U144,P041,Purchase,2.1,-,2023-02-18
U144,P034,Review,-,Herself protect travel third down.,2023-01-24
U144,P089,Review,-,Maybe training theory serve.,2023-02-16
U144,P033,Click,-,-,2023-06-14
U145,P050,Review,-,System social hotel certainly father child.,2023-01-13
U145,P030,Review,-,Oil green catch south.,2023-04-20
U145,P084,Review,-,Attention crime to.,2023-01-05
U145,P042,Review,-,Soldier strategy staff PM modern.,2023-04-01
U145,P029,Review,-,Relate with somebody party involve consider so.,2023-03-03
U145,P005,Purchase,1.1,-,2023-04-15
U146,P035,Click,-,-,2023-04-18
U146,P035,Click,-,-,2023-06-15
U146,P034,Purchase,1.9,-,2023-05-03
U147,P032,Click,-,-,2023-05-21
U147,P025,Click,-,-,2023-01-13
U147,P065,Review,-,Add important sound attorney.,2023-06-02
U147,P005,Review,-,Significant traditional then reality future table.,2023-04-03
U147,P038,Click,-,-,2023-05-04
U147,P016,Click,-,-,2023-04-18
U148,P070,Review,-,Society charge land positive building animal future.,2023-01-13
U148,P013,Click,-,-,2023-04-21
U148,P036,Review,-,Low exactly one on.,2023-04-14
U149,P096,Review,-,Old form recent from.,2023-01-08
U149,P001,Purchase,2.5,-,2023-02-22
U149,P083,Click,-,-,2023-05-17
U149,P004,Purchase,4.3,-,2023-04-06
U150,P020,Click,-,-,2023-02-10
U150,P003,Review,-,Woman friend rise fight design nothing structure.,2023-04-29
U150,P049,Purchase,1.2,-,2023-06-13
U150,P090,Click,-,-,2023-06-02
U151,P038,Review,-,Development tonight upon.,2023-03-29
U151,P027,Purchase,3.0,-,2023-06-11
U151,P014,Purchase,3.6,-,2023-04-21
U151,P021,Click,-,-,2023-03-12
U151,P003,Purchase,4.1,-,2023-01-02
U151,P077,Review,-,Memory television radio establish how they discover.,2023-06-09
U152,P042,Click,-,-,2023-05-23
U152,P008,Purchase,3.0,-,2023-02-25
U152,P016,Click,-,-,2023-02-13
U152,P031,Click,-,-,2023-06-24
U152,P057,Click,-,-,2023-03-14
U152,P046,Purchase,4.3,-,2023-04-24
U152,P051,Click,-,-,2023-03-18
U152,P024,Purchase,4.4,-,2023-05-20
U153,P053,Purchase,3.2,-,2023-05-23
U153,P018,Purchase,3.1,-,2023-05-12
U153,P007,Purchase,3.8,-,2023-02-26
U153,P080,Purchase,1.9,-,2023-03-23
U153,P088,Review,-,Against church wind drive protect table.,2023-02-18
U153,P031,Purchase,4.1,-,2023-04-20
U154,P038,Purchase,4.4,-,2023-04-12
U154,P056,Review,-,Coach ago record.,2023-04-28
U154,P034,Review,-,Specific same color kind room read.,2023-04-17
U154,P083,Click,-,-,2023-05-01
U154,P100,Purchase,3.2,-,2023-05-28
U154,P071,Purchase,2.2,-,2023-06-01
U155,P094,Review,-,Reduce traditional or street picture.,2023-01-17
U155,P035,Review,-,Activity learn day meeting.,2023-06-03
U155,P037,Review,-,Tree knowledge new clear.,2023-04-29
U155,P040,Click,-,-,2023-06-12
U155,P049,Click,-,-,2023-03-15
U155,P026,Click,-,-,2023-05-30
U155,P092,Review,-,Pressure ok still throw move leg across.,2023-03-15
U155,P009,Click,-,-,2023-02-02
U155,P076,Review,-,Director ability if.,2023-02-15
U155,P037,Purchase,2.9,-,2023-06-27
U156,P100,Click,-,-,2023-01-28
U156,P061,Purchase,4.3,-,2023-04-19
U156,P052,Click,-,-,2023-01-28
U156,P079,Purchase,2.8,-,2023-05-04
U156,P095,Click,-,-,2023-04-28
U156,P020,Review,-,Put clear practice list between shake.,2023-03-23
U156,P049,Click,-,-,2023-06-02
U157,P033,Click,-,-,2023-06-14
U157,P055,Purchase,1.0,-,2023-04-11
U157,P060,Purchase,4.9,-,2023-03-16
U158,P093,Purchase,3.1,-,2023-01-15
U158,P033,Click,-,-,2023-06-06
U158,P096,Review,-,Difficult full positive the director describe woman.,2023-04-08
U159,P002,Review,-,Include the common dog.,2023-06-02
U159,P056,Review,-,Play worker wall serve western movie.,2023-03-28
U159,P073,Click,-,-,2023-03-30
U159,P018,Review,-,Happy glass strong interesting believe.,2023-03-04
U159,P006,Purchase,4.3,-,2023-02-10
U159,P086,Purchase,4.8,-,2023-01-27
U159,P079,Review,-,Four forget travel approach.,2023-02-28
U159,P030,Click,-,-,2023-04-24
U160,P052,Review,-,Image for lose.,2023-04-18
U160,P037,Purchase,1.7,-,2023-06-27
U160,P055,Review,-,Relationship stage like building sound source letter.,2023-04-22
U160,P077,Click,-,-,2023-06-08
U160,P011,Click,-,-,2023-06-27
U160,P070,Click,-,-,2023-02-22
U160,P067,Click,-,-,2023-06-11
U161,P095,Purchase,4.5,-,2023-02-12
U161,P046,Review,-,Difference cultural kid challenge.,2023-04-13
U161,P017,Click,-,-,2023-01-30
U161,P086,Review,-,What commercial son smile suddenly.,2023-01-10
U161,P074,Review,-,College feeling enjoy likely himself.,2023-04-24
U161,P025,Review,-,Card hard condition somebody a.,2023-04-09
U161,P095,Review,-,Who child trip writer.,2023-01-23
U161,P065,Click,-,-,2023-05-09
U161,P085,Review,-,Nearly read he miss.,2023-03-16
U162,P015,Click,-,-,2023-03-18
U162,P096,Purchase,2.7,-,2023-02-08
U162,P012,Click,-,-,2023-01-03
U162,P042,Review,-,Body consider how outside next.,2023-05-09
U162,P075,Review,-,Institution over baby black hold itself.,2023-02-12
U162,P045,Purchase,1.4,-,2023-05-22
U162,P071,Purchase,2.5,-,2023-06-26
U163,P013,Click,-,-,2023-01-27
U163,P067,Click,-,-,2023-02-16
U163,P005,Purchase,3.0,-,2023-06-12
U163,P088,Purchase,2.6,-,2023-03-10
U163,P007,Purchase,1.1,-,2023-02-05
U163,P024,Purchase,1.5,-,2023-04-21
U163,P100,Click,-,-,2023-01-25
U163,P083,Click,-,-,2023-06-12
U163,P055,Review,-,Cut still work year performance win.,2023-03-27
U164,P008,Review,-,Beyond whether focus organization pattern fine short.,2023-05-30
U164,P086,Review,-,Ready option foot none arm guy.,2023-02-22
U164,P061,Click,-,-,2023-01-15
U164,P006,Click,-,-,2023-03-16
U164,P027,Purchase,1.3,-,2023-03-25
U164,P042,Click,-,-,2023-04-03
U164,P024,Purchase,1.0,-,2023-06-15
U164,P080,Purchase,3.3,-,2023-04-26
U164,P014,Purchase,1.0,-,2023-04-19
U165,P015,Purchase,3.2,-,2023-03-30
U165,P084,Review,-,Know couple activity authority world produce quite clear.,2023-06-16
U165,P049,Purchase,1.7,-,2023-01-24
U165,P004,Review,-,Let product whose item watch.,2023-03-13
U165,P070,Click,-,-,2023-05-01
U165,P025,Click,-,-,2023-05-19
U165,P029,Click,-,-,2023-04-05
U165,P005,Click,-,-,2023-02-10
U165,P042,Purchase,2.8,-,2023-01-18
U165,P048,Click,-,-,2023-04-27
U166,P014,Review,-,Guy too girl a imagine agree.,2023-02-10
U166,P037,Click,-,-,2023-04-08
U166,P038,Review,-,Far who trial less company really surface people.,2023-02-12
U166,P085,Click,-,-,2023-06-20
U166,P018,Purchase,2.5,-,2023-06-09
U166,P093,Review,-,Plan country successful federal try determine view.,2023-05-14
U166,P070,Review,-,Subject team low.,2023-06-27
U166,P005,Click,-,-,2023-05-24
U166,P023,Click,-,-,2023-06-10
U167,P081,Click,-,-,2023-01-08
U167,P068,Purchase,4.0,-,2023-03-13
U167,P051,Review,-,Prove approach others light.,2023-04-15
U167,P058,Review,-,Common all should collection.,2023-02-21
U167,P024,Click,-,-,2023-04-09
U168,P039,Click,-,-,2023-06-05
U168,P043,Purchase,2.4,-,2023-05-19
U168,P072,Click,-,-,2023-02-13
U168,P049,Purchase,1.8,-,2023-05-18
U168,P005,Click,-,-,2023-02-01
U168,P003,Review,-,Process most person writer.,2023-05-01
U168,P016,Review,-,Idea policy reason year grow.,2023-01-06
U168,P096,Purchase,4.7,-,2023-05-16
U168,P007,Purchase,4.1,-,2023-06-17
U169,P045,Review,-,Inside easy recently project.,2023-01-09
U169,P044,Review,-,Point offer natural true summer.,2023-04-03
U169,P072,Review,-,Wind third impact senior evidence wind.,2023-01-22
U170,P041,Review,-,Guy produce once something scientist central yard.,2023-02-08
U170,P019,Click,-,-,2023-01-04
U170,P094,Click,-,-,2023-06-13
U171,P042,Review,-,House inside believe policy political big human.,2023-05-09
U171,P031,Review,-,My energy how.,2023-03-29
U171,P056,Purchase,4.8,-,2023-02-09
U171,P067,Purchase,1.5,-,2023-05-24
U171,P098,Purchase,2.1,-,2023-05-22
U171,P016,Click,-,-,2023-02-26
U171,P090,Click,-,-,2023-02-21
U171,P034,Purchase,4.4,-,2023-05-09
U171,P039,Review,-,Into staff model interview life.,2023-06-24
U171,P008,Click,-,-,2023-02-01
U172,P040,Purchase,1.7,-,2023-05-15
U172,P039,Click,-,-,2023-06-29
U172,P062,Purchase,3.9,-,2023-03-07
U172,P075,Click,-,-,2023-02-12
U172,P068,Review,-,Fund approach activity prepare sell it enjoy.,2023-01-04
U172,P055,Review,-,News however lawyer training we something.,2023-02-19
U172,P089,Purchase,2.9,-,2023-05-28
U172,P055,Click,-,-,2023-05-01
U173,P050,Review,-,Sometimes last safe shake professional.,2023-03-11
U173,P069,Click,-,-,2023-01-24
U173,P017,Review,-,Bit quality art until produce respond.,2023-04-29
U174,P027,Purchase,1.8,-,2023-06-19
U174,P096,Purchase,4.2,-,2023-03-05
U174,P096,Click,-,-,2023-02-15
U174,P018,Purchase,1.0,-,2023-01-06
U175,P084,Click,-,-,2023-02-25
U175,P097,Purchase,5.0,-,2023-04-03
U175,P008,Review,-,Our newspaper learn trip including until.,2023-03-14
U176,P028,Click,-,-,2023-03-01
U176,P053,Click,-,-,2023-02-09
U176,P066,Review,-,Something be toward hand research.,2023-05-08
U176,P069,Purchase,2.6,-,2023-06-23
U176,P062,Click,-,-,2023-05-09
U176,P019,Purchase,1.7,-,2023-04-16
U176,P063,Purchase,4.4,-,2023-05-05
U176,P029,Click,-,-,2023-02-09
U176,P070,Click,-,-,2023-05-19
U177,P087,Click,-,-,2023-02-24
U177,P014,Review,-,West water born it imagine.,2023-02-03
U177,P039,Click,-,-,2023-05-24
U177,P065,Purchase,4.7,-,2023-01-19
U177,P034,Review,-,Pay son less paper go support score his.,2023-06-12
U177,P073,Purchase,4.2,-,2023-06-06
U177,P003,Click,-,-,2023-03-10
U177,P029,Review,-,Young green less field game look.,2023-01-09
U177,P048,Click,-,-,2023-01-07
U177,P089,Review,-,Real west reduce know southern fill.,2023-02-11
U178,P043,Click,-,-,2023-06-24
U178,P083,Purchase,1.4,-,2023-01-02
U178,P038,Purchase,4.6,-,2023-01-03
U178,P077,Review,-,Third site pretty nor radio treat thought.,2023-01-28
U178,P067,Click,-,-,2023-02-23
U178,P085,Click,-,-,2023-04-08
U178,P060,Purchase,4.3,-,2023-03-07
U178,P037,Click,-,-,2023-05-14
U178,P016,Click,-,-,2023-06-22
U178,P060,Review,-,Hair party safe question store choice full.,2023-03-10
U179,P100,Click,-,-,2023-06-12
U179,P076,Review,-,Course again view join certain.,2023-02-05
U179,P013,Click,-,-,2023-01-15
U180,P075,Click,-,-,2023-05-25
U180,P077,Click,-,-,2023-03-09
U180,P007,Purchase,3.2,-,2023-01-16
U180,P018,Click,-,-,2023-02-06
U180,P078,Review,-,And point purpose stand small piece.,2023-04-11
U180,P014,Purchase,2.3,-,2023-03-14
U181,P075,Click,-,-,2023-06-19
U181,P021,Click,-,-,2023-02-17
U181,P049,Purchase,2.3,-,2023-04-03
U181,P065,Click,-,-,2023-01-03
U181,P037,Purchase,4.8,-,2023-03-11
U181,P065,Purchase,4.0,-,2023-06-26
U181,P098,Review,-,Wear than exactly down since.,2023-02-08
U181,P069,Review,-,Reduce appear short carry picture wide everything.,2023-03-03
U182,P081,Click,-,-,2023-05-27
U182,P030,Review,-,It issue measure that left child explain.,2023-05-26
U182,P008,Purchase,2.2,-,2023-03-11
U182,P068,Click,-,-,2023-05-01
U182,P085,Click,-,-,2023-02-24
U182,P006,Click,-,-,2023-04-10
U183,P077,Review,-,Follow third shoulder hotel player finish along.,2023-05-26
U183,P098,Purchase,3.4,-,2023-05-21
U183,P087,Review,-,Art teach environmental common sister can beyond.,2023-04-12
U183,P009,Purchase,4.4,-,2023-04-11
U183,P084,Click,-,-,2023-05-21
U184,P043,Click,-,-,2023-03-30
U184,P036,Click,-,-,2023-03-20
U184,P025,Review,-,Painting little brother a.,2023-04-02
U184,P085,Review,-,Nearly whose rest threat deep.,2023-06-03
U184,P089,Purchase,4.4,-,2023-05-29
U184,P084,Click,-,-,2023-03-29
U184,P014,Review,-,Reason field shoulder than rather real TV.,2023-03-21
U184,P008,Review,-,Man among foot draw newspaper.,2023-04-10
U184,P005,Purchase,4.0,-,2023-05-09
U184,P062,Purchase,1.3,-,2023-06-03
U185,P066,Purchase,4.6,-,2023-04-07
U185,P091,Purchase,4.0,-,2023-04-17
U185,P084,Click,-,-,2023-04-27
U185,P029,Click,-,-,2023-04-19
U185,P030,Click,-,-,2023-03-07
U185,P003,Click,-,-,2023-06-05
U185,P058,Click,-,-,2023-03-14
U185,P005,Purchase,1.9,-,2023-03-16
U185,P094,Click,-,-,2023-01-26
U185,P019,Purchase,2.0,-,2023-04-08
U186,P015,Purchase,4.9,-,2023-05-29
U186,P054,Purchase,4.4,-,2023-02-03
U186,P098,Review,-,Democratic number guess.,2023-04-01
U186,P098,Purchase,2.2,-,2023-05-12
U186,P067,Review,-,Ok anyone probably huge political bed vote manage.,2023-04-10
U186,P013,Review,-,Practice cause now company mind make charge crime.,2023-01-07
U186,P044,Purchase,2.4,-,2023-06-04
U187,P038,Click,-,-,2023-06-08
U187,P030,Purchase,4.9,-,2023-02-28
U187,P062,Review,-,Right Mr friend training hotel.,2023-01-08
U188,P021,Review,-,Return weight arm bring.,2023-03-22
U188,P085,Purchase,3.9,-,2023-01-19
U188,P099,Click,-,-,2023-05-14
U188,P078,Purchase,3.6,-,2023-01-06
U188,P026,Review,-,Carry leg talk according question hand carry.,2023-01-18
U188,P057,Review,-,Then arm support six.,2023-06-12
U188,P063,Purchase,1.1,-,2023-05-03
U189,P081,Click,-,-,2023-04-27
U189,P016,Click,-,-,2023-06-02
U189,P022,Review,-,Magazine both list natural Republican radio support technology.,2023-04-03
U189,P095,Click,-,-,2023-01-27
U189,P017,Purchase,2.5,-,2023-03-10
U190,P083,Purchase,3.1,-,2023-06-29
U190,P096,Click,-,-,2023-03-06
U190,P047,Click,-,-,2023-05-01
U190,P031,Purchase,3.0,-,2023-03-19
U190,P013,Purchase,2.8,-,2023-03-16
U190,P072,Purchase,3.3,-,2023-02-12
U190,P047,Review,-,Idea power age soon bit last stand among.,2023-05-28
U190,P048,Click,-,-,2023-06-05
U191,P016,Purchase,4.8,-,2023-05-20
U191,P070,Review,-,Bag walk outside between time defense into sit.,2023-03-11
U191,P071,Purchase,2.7,-,2023-06-20
U191,P010,Review,-,Either herself challenge people ago be under imagine.,2023-06-14
U191,P031,Purchase,2.6,-,2023-06-17
U191,P004,Review,-,Against picture land great.,2023-04-13
U191,P071,Purchase,1.6,-,2023-03-29
U191,P056,Click,-,-,2023-02-13
U191,P042,Click,-,-,2023-01-21
U192,P069,Click,-,-,2023-04-22
U192,P063,Purchase,1.6,-,2023-06-27
U192,P076,Click,-,-,2023-01-21
U192,P097,Purchase,1.6,-,2023-05-26
U192,P094,Review,-,Staff TV board method.,2023-03-08
U192,P100,Purchase,4.1,-,2023-03-03
U192,P037,Purchase,2.8,-,2023-05-20
U193,P004,Review,-,Physical true manage from.,2023-05-13
U193,P045,Review,-,Maybe size significant large relate skin.,2023-01-26
U193,P033,Click,-,-,2023-03-25
U193,P075,Purchase,3.2,-,2023-03-07
U193,P086,Purchase,1.8,-,2023-06-04
U193,P039,Purchase,4.7,-,2023-03-11
U193,P018,Review,-,Article easy set change cultural figure statement.,2023-02-03
U194,P002,Click,-,-,2023-03-11
U194,P065,Click,-,-,2023-06-16
U194,P065,Click,-,-,2023-04-13
U194,P031,Review,-,Minute trade student name look.,2023-04-02
U194,P049,Review,-,Community perhaps pass Mrs billion billion.,2023-05-03
U194,P060,Click,-,-,2023-04-22
U194,P063,Review,-,Step single with available group.,2023-02-22
U194,P023,Click,-,-,2023-05-19
U194,P056,Review,-,Account find often sometimes.,2023-06-10
U194,P092,Click,-,-,2023-05-07
U195,P026,Click,-,-,2023-05-27
U195,P047,Purchase,2.4,-,2023-06-03
U195,P048,Purchase,3.1,-,2023-04-30
U195,P029,Click,-,-,2023-02-04
U195,P016,Purchase,3.8,-,2023-01-15
U195,P085,Purchase,4.7,-,2023-05-01
U195,P005,Click,-,-,2023-02-26
U195,P050,Review,-,Let pay attorney.,2023-01-15
U196,P055,Purchase,4.4,-,2023-03-20
U196,P018,Review,-,Sure total day college read character.,2023-06-14
U196,P084,Review,-,Story wind current.,2023-01-29
U196,P034,Review,-,Remember health alone save not sell.,2023-05-13
U196,P005,Review,-,Small sit need some middle.,2023-01-26
U196,P025,Review,-,Name bag cell pick throughout.,2023-01-02
U196,P082,Review,-,Soldier industry pass value you.,2023-04-28
U196,P065,Click,-,-,2023-03-14
U196,P078,Purchase,2.7,-,2023-02-10
U197,P065,Purchase,2.8,-,2023-01-28
U197,P087,Review,-,Partner condition movie black bill effort.,2023-01-13
U197,P001,Click,-,-,2023-05-28
U197,P048,Purchase,4.6,-,2023-05-15
U197,P029,Purchase,3.2,-,2023-02-02
U197,P025,Purchase,2.4,-,2023-02-10
U197,P023,Click,-,-,2023-01-13
U197,P069,Purchase,1.4,-,2023-05-29
U198,P097,Purchase,4.5,-,2023-06-24
U198,P072,Purchase,3.0,-,2023-04-03
U198,P056,Purchase,1.7,-,2023-06-27
U198,P098,Purchase,1.0,-,2023-05-18
U198,P087,Click,-,-,2023-01-12
U198,P065,Click,-,-,2023-02-01
U199,P022,Click,-,-,2023-06-20
U199,P041,Click,-,-,2023-06-26
U199,P046,Review,-,And question significant past ball.,2023-04-04
U199,P035,Purchase,3.4,-,2023-01-17
U199,P035,Review,-,Offer office key else structure.,2023-02-02
U199,P006,Review,-,Keep technology order accept.,2023-02-23
U199,P010,Review,-,Leave subject reflect.,2023-04-09
U199,P040,Review,-,Teacher together cut environment fear leave wall thought.,2023-05-14
U199,P047,Purchase,3.4,-,2023-05-18
U199,P011,Click,-,-,2023-05-23
U200,P024,Click,-,-,2023-02-06
U200,P054,Review,-,Author too manage response.,2023-04-27
U200,P049,Purchase,2.6,-,2023-01-28
U200,P044,Purchase,4.4,-,2023-04-02
